R^2,RMSE,MAE,MAPE
-0.0019810430750193397,0.24559451750523123,0.19669264139074727,0.035170441720398835
